"Planet_Name","Orbit_Period","Planet_Radius","Planet_Mass","Stellar_Flux","Temperature","Star_Temperature","Star_Mass","Planet_Density","Escape_Velocity","Gravity","ESI_Standard","ESI_Weighted","ESI_Custom","ESI_Revised"
"Earth",365,1,1,1,288,5778,1,5.50937386363636,11.1874746650365,9.82,1,0.999963956442029,0.999981059529898,0.999968306531563
"Mars",687,0.532,0.107,0.431,210,5778,1,3.91517451619908,5.01727767896089,3.71254734580813,0.645440585139003,0.690071583990371,0.626919464706818,0.518083978438809
"Venus",225,0.949,0.815,1.92,737,5778,1,5.25365095924679,10.3675887793326,8.88662126735369,0.776445888935528,0.51585072592481,0.799558417266413,0.481454251172311
"Jupiter",4333,10.973,318,0.00599,165,5778,1,1.32602962494062,60.2258495943756,25.9350953716216,0.0861776270886691,0.290899636282058,0.331462591689697,0.104059530403554
"Kepler-1638 b",259.3,1.87,4.16,1.39,312,5710,0.97,3.50486064933712,16.6862185253603,11.682118447768,0.756567204358896,0.816626321540038,0.745908488306578,0.78075776236624
"Kepler-440 b",101,1.91,4.13,1.44,308,3813,0.57,3.2655188445392,16.4509282053701,11.1171842877114,0.744746526165597,0.805093962833715,0.664855925456211,0.686329520180246
"GJ 433 d",36.1,2.14,5.22,1.06,292,3600,0.467,2.93448184759452,17.4727164695746,11.193204646694,0.742454899640128,0.795322967833581,0.585185724492636,0.618556544655737
"Kepler-1653 b",140.3,2.17,5.34,1.04,291,4771,0.719,2.87915005459494,17.5498264632754,11.1361039733271,0.73864934206015,0.791316964047217,0.676631662480644,0.721000792688132
"GJ 832 c",35.7,2.19,5.4,0.99,286,3657,0.437,2.83245917974606,17.5673756191561,11.0564833927566,0.73619642269081,0.788285909538876,0.578655505740165,0.611475153048758
"Kepler-705 b",56.1,2.11,5.09,0.77,269,3593,0.548,2.98519469281913,17.3759968168278,11.2270164641405,0.731418230025497,0.788633153934598,0.610270843056984,0.638607387768214
"Kepler-296 e",63.3,1.8,3.91,0.44,229,3572,0.454,3.69369886948186,16.4886155082,11.8506790123457,0.658776304338005,0.740074811318557,0.614463289970594,0.580721574830953
"Trappist-1 e",6.1,0.92,0.69,0.65,258,2566,0.0898,4.8818884661239,9.6886372641164,8.00543478260869,0.847141372924386,0.8813900821414,0.543140449603036,0.525755765144081
"Kepler-442 b",112.3,1.35,2.36,0.7,263,4563,0.72,5.28460999570465,14.791805312371,12.716159122085,0.836715200784401,0.882334667435157,0.751275625281509,0.748975221896318
"K2-72 e",24.2,1.29,2.21,1.3,307,3498,0.309,5.67185849400466,14.6431107311593,13.0414037617932,0.871449809907793,0.905545004142912,0.619641885596845,0.619427736757644
"GJ 1061 d",13,1.15,1.64,0.69,247,3119,0.12,5.94090450323902,13.359957256654,12.1775425330813,0.861229006630686,0.876550294660135,0.566680579936158,0.550717630668789
"GJ 1061 c",6.7,1.18,1.74,1.45,311,3119,0.12,5.83452453922217,13.5851890164405,12.2714737144499,0.857603456322856,0.896761469699577,0.557285469264739,0.548007276983115
"GJ 180 c",24.3,2.41,6.4,0.78,270,3562,0.41,2.51901695502173,18.2311275924859,10.8207503314337,0.694836428415418,0.752140008210759,0.545612932659568,0.570417960819799
"GJ 163 c",25.6,2.5,6.8,1.25,304,3529,0.42,2.39767950545455,18.4508558911468,10.68416,0.686935191693397,0.743513117879623,0.542154263307982,0.567316408950799
"Kepler-1540 b",125.4,2.49,6.77,0.78,270,4366,0.676,2.41597742443578,18.4470415354043,10.7226335059112,0.685716232880362,0.743072846699271,0.63487946038377,0.665770467255543
"Kepler-174 d",247.4,2.19,5.43,0.59,252,4724,0.76,2.84819506407798,17.6161062970097,11.1179083004942,0.679335045699511,0.749391689103632,0.691677179944226,0.70151746996994
"Kepler-452 b",384.8,1.63,3.31,1.11,295,5578,1.02,4.21082725188896,15.9423470659018,12.2338815913282,0.826652061828762,0.876016462034492,0.794939859709423,0.847828573246218
"Kepler-62 e",122.3,1.61,4.595,1.15,298,4925,0.72,6.06610791447043,18.9000035033177,17.4078546352378,0.827531326503982,0.868763424872363,0.695676681821437,0.703984134463663
"Kepler-1652 b",38.1,1.6,3.18,0.84,276,3757,0.404,4.27729709139737,15.7719587843237,12.19828125,0.825621282057141,0.875361668344756,0.628279594913885,0.650974941347766
"Trappist-1 d",4,0.78,0.39,1.12,303,2566,0.0898,4.52775629818899,7.9107392,6.29487179487179,0.90387550730169,0.903727122811653,0.520186251100688,0.514516138694448
"Proxima Centauri b",11.2,1.08,1.27,0.7,257,3175,0.13,5.55436862300128,12.1317107627558,10.6922153635117,0.872287121923944,0.898799855844095,0.576577218875259,0.564372176813358
"GJ 667 C f",39,1.45,2.54,0.56,249,3650,0.33,4.59020365365907,14.8069265484753,11.8634007134364,0.761999087119706,0.826407485679901,0.622752228084778,0.607187676386303
"Kepler-62 f",267.3,1.41,4.46,0.41,230,4925,0.72,8.76556198452359,19.8971071107042,22.029676575625,0.680598892194808,0.727173060948701,0.688401785701284,0.56664677965404
"Trappist-1 f",9.2,1.04,1.04,0.37,225,2566,0.0898,5.09372583546261,11.1874746650365,9.44230769230769,0.674538648796136,0.756078287919618,0.531069953277295,0.463291165329679
"GJ 3293 d",48.1,2.67,7.6,0.59,251,3466,0.43,2.19979419970483,18.8748378894676,10.4689363015332,0.63016570058376,0.698718338365497,0.545086146188815,0.54915042088962
"LHS 1140 b",24.7,1.64,6.38,0.36,222,3216,0.179,7.96877159401707,22.0658407820903,23.2940214158239,0.625685426070397,0.697032083765756,0.488375055967741,0.400571869151255
"GJ 229 A c",122,2.6,7.27,0.53,244,3710,0.51,2.27885457377312,18.7073639840105,10.5608579881657,0.617968404965734,0.692239644130437,0.598787272148832,0.592866618189021
"GJ 357 d",55.7,2.34,6.1,0.38,226,3615,0.346,2.62291675393664,18.062965549829,10.9398056833954,0.574084592156908,0.668845413908026,0.546386423568958,0.5065886067321
"GJ 682 b",17.5,1.94,4.4,0.31,215,3237,0.29,3.32008904065312,16.8483562977494,11.4804973961101,0.564306696459094,0.669062544677536,0.520129993234367,0.456656227058889
"GJ 180 d",106.3,2.66,7.56,0.26,205,3562,0.42,2.21298836205346,18.8604540696651,10.4922833399288,0.475294133899128,0.585026853484184,0.54368062068,0.454485123934131
"Wolf 1061 c",17.9,1.66,3.18,1.3,306,3393,0.301,3.83005579139689,15.4843001372873,11.3324139933227,0.801786836764834,0.851658458441411,0.582733694685871,0.599089629246641
"Kepler-1410 b",60.9,1.66,3.81,1.07,293,4031,0.594,4.58884042931514,16.9488606352142,13.5775148787923,0.822930473749501,0.877591438673536,0.659314922627525,0.690877679199443
"GJ 667 C c",28.1,1.77,3.81,0.88,278,3650,0.33,3.78536202544682,16.4137539738682,11.9423537297711,0.798324271556755,0.850461356041336,0.590921302310762,0.618565070387667
"Kepler-1544 b",168.8,1.78,3.81,0.84,276,4820,0.743,3.72192153492823,16.3675829851517,11.8085469006439,0.792293391923805,0.845174835632884,0.733541769768886,0.77581914246541
"Kepler-283 c",92.7,1.82,3.97,0.84,280,4351,0.69,3.62809447262374,16.5231035360367,11.7695326651371,0.785390438745418,0.839866588901172,0.682470423643045,0.718963253702987
"Kepler-22 b",289.9,2.38,6.9,1.1,294,5594,0.96,2.81981401006455,19.0488223541217,11.9620789492268,0.709342626380132,0.773362827587235,0.691845161482225,0.749054623501239
"Kepler-1701 b",169.1,2.22,5.56,1.42,314,5146,0.87,2.79974264639166,17.7048794230921,11.0784838892947,0.705320128026716,0.766841069093963,0.681767632456145,0.710867966351989
"K2-18 b",32.9,2.37,8.92,1.26,303,3503,0.413,3.6916631013741,21.7040268996607,15.5947942815432,0.701252323740155,0.788150276244155,0.548272133164453,0.584373255259196
"Kepler-1606 b",196.4,2.07,4.93,1.64,325,5402,0.921,3.06223225946088,17.2651498361158,11.2984200331396,0.699795400395866,0.768680999129796,0.701381967490452,0.715534052955236
"K2-9 b",18.4,2.25,5.69,1.45,316,3528,0.302,2.75211740216985,17.790859870256,11.0371950617284,0.698615745733312,0.760986915104211,0.534142128256862,0.552219474037609
"K2-332 b",17.7,2.2,5.47,1.17,299,3296,0.265,2.83022868464415,17.6406420455353,11.0982231404959,0.729110433527691,0.783753180088785,0.532456998954271,0.560082972438765
"Kepler-155 c",52.7,2.24,5.66,1.05,291,4339,0.58,2.77443542197374,17.7834603621836,11.0772480867347,0.72882988876654,0.78218958463017,0.605703852427384,0.641611310712396
"TOI-2257 b",35.2,2.2,5.43,0.74,254,3446,0.328,2.8095323140069,17.5760240919519,11.0170661157025,0.714559186080968,0.766877792478996,0.559128227116574,0.578632080444433
"Kepler-443 b",177.7,2.35,6.04,0.89,279,4781,0.75,2.56410376401095,17.9356286315426,10.7402082390222,0.712090002303026,0.764457121693773,0.673040619337969,0.713398075204081
"Ross 128 b",9.9,1.11,1.4,1.48,317,3192,0.179,5.63976935963788,12.5641928336607,11.1581852122393,0.858262925271301,0.89575688412755,0.586392452888716,0.573622683501741
"GJ 273 b",18.6,1.51,2.89,1.06,292,3322,0.294,4.62454750762038,15.4772042008424,12.4467347923337,0.854856286244394,0.899058984020364,0.593694337729907,0.613074081441516
"Teegarden's Star b",4.9,1.02,1.05,1.15,298,2637,0.093,5.451186343128,11.3508041025465,9.91061130334487,0.950172670407225,0.96362265329764,0.555084011733184,0.553449859293152
"TOI-700 d",37.4,1.14,1.57,0.87,278,3480,0.416,5.83831257519797,13.128934007846,11.863188673438,0.932499252881442,0.946372890343947,0.672921093633443,0.671694828730612
"Kepler-1649 c",19.5,1.06,1.2,1.23,303,3269,0.198,5.55093184001192,11.9033651202443,10.4877180491278,0.924217441273533,0.944491282252706,0.612129685977269,0.608327387409828
"HD 40307 g",197.8,2.57,7.09,0.67,256,4923,0.77,2.30117215141369,18.5818359146033,10.5412345379945,0.659081751344099,0.719866447924111,0.652928007882218,0.670835353349265
"Kepler-296 f",63.3,1.8,3.91,0.44,229,3572,0.454,3.69369886948186,16.4886155082,11.8506790123457,0.658776304338005,0.740074811318557,0.614463289970594,0.580721574830953
"HIP 38594 b",60.7,2.77,8.1,1.34,308,3969,0.62,2.09965507539026,19.1308686423943,10.3666149695682,0.652481399371039,0.711549459264353,0.571381107062973,0.592683741325609
"K2-288 B b",31.4,1.91,4.26,0.44,234,3341,0.33,3.36830757330193,16.7078351178672,11.4671198706176,0.647136641583867,0.733022356378576,0.560118485197187,0.5339826097065
"HD 216520 c",154.4,3.04,9.44,1.28,305,5140,0.79,1.85120062346544,19.7142958728313,10.0308171745152,0.632538052304216,0.689302544595735,0.612245994891698,0.633810356324284
"Teegarden's Star c",11.4,1.04,1.11,0.37,225,2637,0.093,5.43657276669568,11.5578454961223,10.0778476331361,0.674538648796136,0.756658577672745,0.53568210464882,0.467876679530523
"Kepler-1229 b",86.8,1.4,2.54,0.32,217,3731,0.48,5.09978484461967,15.0690163919053,12.7259183673469,0.617143067621416,0.714194690490223,0.65532131281614,0.55978832810039
"Kepler-186 f",129.9,1.17,1.71,0.29,212,3876,0.52,5.88221331046775,13.5249973645265,12.266929651545,0.606894529885672,0.702423488791516,0.70591840546126,0.570979555937831
"GJ 667 C e",39,1.45,2.54,0.56,249,3650,0.33,4.59020365365907,14.8069265484753,11.8634007134364,0.761999087119706,0.826407485679901,0.622752228084778,0.607187676386303
"Trappist-1 g",12.4,1.13,1.32,0.25,204,2566,0.0898,5.04011963431901,12.0914896563072,10.1514605685645,0.573546596642902,0.675051341097203,0.513197169038843,0.404477339806448
"CoRoTID 223977153 b",6.71837,6.389,47.6745,132.26,938,5970,1.08,1.00713972641304,30.5603760672409,11.4691665253325,0.133360754492954,0.162927581491817,0.32366475163293,0.00771756874746055
"EPIC 220674823 b",0.571336,1.82,9,4293,2063,5496,0.92,8.22489930821503,24.878123851865,26.6815601980437,0.263921955408875,0.0650464010393723,0.372640085014809,-0.131526216533132
"EPIC 220674823 c",13.3387,2.77,5.7,64,722,5496,0.92,1.47753505305241,16.0483212058878,7.29502534895541,0.238476921569271,0.296575322274442,0.417125552541086,0.112687762426891
"EPIC 246851721 b",6.180235,11.781,953.49,642,1401,6202,1.32,3.21271291433408,100.646588370781,67.4626378396656,0.0766065352239361,0.0678427389016076,0.276134352164151,-0.162881629040482
"EPIC 248847494 b",3650,12.442,4131.79,0.19,183,4898,0.9,11.8187050267032,203.871297273007,262.101395936073,0.22932573116482,0.390511155476174,0.340968953447737,0.0714443152992575
"EPIC 249893012 b",3.5951,1.95,8.75,1037,1616,5430,1.05,6.50139365893804,23.6983869091017,22.5969756738988,0.258428702146485,0.120551319632152,0.390515525823394,-0.0666664448557257
"EPIC 249893012 c",15.624,3.67,14.67,160,990,5430,1.05,1.63506177465575,22.3673271362459,10.6957064051259,0.193095450233032,0.195301371733663,0.375946628137388,0.038054085600285
"EPIC 249893012 d",35.747,3.94,10.18,53,752,5430,1.05,0.916983153271564,17.9828218926441,6.43971759128037,0.199534100789048,0.248417410330458,0.386695158248955,0.0737196280814497
"GJ 1214 b",1.58040433,2.742,8.17,21,596,3250,0.18,2.18334290687052,19.3112047198536,10.6708408680168,0.27779464048039,0.387284151328539,0.375610023767133,0.166623658967746
"GJ 3473 b",1.1980035,1.264,1.86,59.4,773,3347,0.36,5.07427461088055,13.5710984161856,11.4322123858356,0.31135326527378,0.349323295034928,0.469310893069206,0.147576513544782
"GJ 357 b",3.93072,1.217,1.84,12.6,525,3505,0.34,5.62403911753311,13.7561114963864,12.1996719981041,0.392921278395046,0.507110262740387,0.507645131537606,0.287709078351204
"GJ 3929 b",2.6162745,1.15,1.21,17.5,569,3369,0.31,4.38322832251171,11.4756113089345,8.98465028355388,0.367410621822397,0.468558869222586,0.499960982305813,0.250795148073478
"GJ 486 b",1.467119,1.305,2.82,40.3,701,3340,0.32,6.99068635889881,16.4456621131589,16.2607125555996,0.320661479922722,0.378886062524935,0.450220038937912,0.153580448811269
"GJ 9827 b",1.2089802,1.62,3.42,315,1172,4269,0.61,4.43183218213225,16.2550238327719,12.7969821673525,0.277718580645894,0.212417682429691,0.441538226610825,0.0388964258655481
"GJ 9827 c",3.648083,1.269,2.42,72,811,4269,0.61,6.52428229669831,15.4493046327029,14.7571879845575,0.307175620369532,0.330194495869161,0.478423541044968,0.135952174979361
"GJ 9827 d",6.20142,2.04,2.35,29,646,4219,0.64,1.52503427456557,12.0074534663903,5.54522299115725,0.297096335835613,0.351645441450371,0.452021946236053,0.13628762297436
"GPX-1 b",1.744579,16.477,6261.21962,4650,2300,7000,1.68,7.71128504131258,218.083326362902,226.471805197281,0.0557109691971001,-0.0410031216355717,0.23187737931837,-0.306570082692698
"HAT-P-25 b",3.65281514,12.722,180.84527,325,1182,5519,1.01,0.483886187049876,42.1801331512512,10.9725573540381,0.0733100684963494,0.0559619701170584,0.274816020567525,-0.0868047935465941
"HAT-P-29 b",5.72339,11.926,243.77561,433,1271,6115,1.2,0.791786479003681,50.5801121835874,16.8310856337543,0.0766118778501717,0.0512046092264873,0.280075040924873,-0.0968369358733381
"HAT-P-32 b",2.1500082,22.194,216.1244,1841,1836,6001,1.13,0.10891791018442,34.9113123187511,4.30867885101346,0.0427104131224031,-0.0594112336195609,0.225219448146182,-0.237190822336037
"HAT-P-36 b",1.3273466,15.211,611.82275,1821,1820,5560,1.05,0.957755307038458,70.9522206590608,25.9669879770383,0.060244531737081,-0.0279803184270715,0.256627349168899,-0.190629288727596
"HAT-P-58 b",4.0138379,14.93,118.23217,1146,1622,6078,1.03,0.195730489310097,31.4825564868454,5.20867827221385,0.0616024970363069,-0.0238087845908166,0.244635651348103,-0.193175675150677
"HAT-P-59 b",4.1419771,12.588,489.45575,441.4,1278,5678,1.01,1.35190282799943,69.7606333942517,30.3327268435678,0.0731057323890276,0.0624440321403779,0.277835867803874,-0.117337224561923
"HAT-P-60 b",4.7947813,18.282,182.43351,1634,1772,6212,1.44,0.164488577401038,35.3404861562547,5.36004816888547,0.0510884512442531,-0.0478007306831429,0.235909626963427,-0.211689706583461
"HAT-P-61 b",1.90231289,10.077,335.94463,849.5,1505,5587,1,1.80874012100099,64.5952059497113,32.4875285409029,0.0870942911607699,0.0439525295410037,0.282122925728265,-0.140121234193775
"HAT-P-62 b",2.6453235,12.027,241.86742,867.2,1512,5629,1.02,0.765962809605038,50.1697683032391,16.4200410250407,0.0748205247208036,0.0122769380543359,0.272426762975033,-0.133073777672317
"HAT-P-63 b",3.377728,12.543,195.14664,387.4,1237,5400,0.93,0.544827544322431,44.1277610415792,12.1806291613964,0.0736682443351199,0.04790039641614,0.274800207632703,-0.0943264857301931
"HAT-P-64 b",4.007232,19.089,184.34048,1611,1766,6457,1.3,0.146006914914694,34.76568836193,4.96781993484392,0.0491272962795708,-0.0483883728560337,0.233417919178084,-0.217234523863744
"HAT-P-68 b",2.29840551,12.016,230.10892,184.8,1028,4508,0.68,0.730728320659679,48.95745484764,15.6503877708107,0.0794339365801553,0.0994609689981315,0.280480563249619,-0.0540572243165203
"HAT-P-9 b",3.92281072,15.614,238.05467,931,1540,6350,1.28,0.344537441934082,43.6830878624353,9.58870247687547,0.0594035412164119,-0.0131883923409353,0.25645794221772,-0.151931763134364
"HATS-17 b",16.254611,8.709,425.25654,72.7,814,5846,1.13,3.54689534293635,78.1759954863717,55.058694299359,0.112050911601478,0.222729139174172,0.319391738962197,-0.0153315388588926
"HATS-18 b",0.8378434,14.986,629.3034,2990,2060,5600,1.04,1.03016107948583,72.4968671877118,27.5169382611101,0.0608257510290148,-0.0479339485477583,0.25370213231204,-0.212386043606488
"HATS-36 b",4.1752387,13.843,1022.14128,561,1356,6149,1.22,2.12286567877695,96.1329831590503,52.3795759244746,0.0668430524243945,0.0593814962634749,0.270399474062509,-0.155161536520763
"HATS-37 A b",4.3315366,6.793,31.46517,229.7,1085,5326,0.84,0.553028461966406,24.0777720618683,6.69604465278454,0.123837955562271,0.107060486820981,0.299212885772429,-0.0648552127203939
"HATS-38 b",4.375021,6.882,23.51942,464.7,1294,5732,0.89,0.397543674121542,20.6817857356199,4.8765059544456,0.120133767654656,0.0588535933395511,0.283923459248827,-0.131765571719469
"HATS-47 b",3.9228038,12.52,117.27927,87.73,853,4512,0.67,0.329238422254324,34.2405338660427,7.3472375917382,0.0830887495801015,0.132811873854965,0.276339852723857,-0.0313693542415912
"HATS-48 A b",3.1316666,8.967,77.23269,137.6,955,4546,0.73,0.590149300401322,32.8328861472053,9.43231529996068,0.102701516047263,0.127354014215835,0.292619306366012,-0.0293987656507804
"HATS-49 b",4.1480467,8.575,112.19399,80.45,835,4405,0.71,0.980323585805777,40.4668870419815,14.9834845249853,0.111921114814037,0.178021069428101,0.307780140052251,0.0181165220918352
"HATS-59 b",5.416081,12.621,256.17098,269,1128,5670,1.04,0.702022245072785,50.4022757821111,15.7926090347583,0.0744905390186753,0.0738691002948432,0.281528118678559,-0.0732216079134034
"HATS-60 b",3.560829,12.924,210.40346,903.9,1528,5688,1.1,0.536987620427085,45.1398413985314,12.3700218408962,0.0702305957673089,0.000672800663138573,0.267428479405125,-0.137906508950211
"HATS-61 b",7.817953,13.395,1080.622,374.2,1226,5542,1.08,2.47712484669479,100.484160453874,59.1425242798529,0.0697321090735844,0.0883281701244498,0.278393137776264,-0.135398187983816
"HATS-62 b",3.2768837,11.825,56.89157,387.4,1237,5416,0.9,0.189560006557232,24.5389202710769,3.99537095253633,0.0774611146504101,0.042205295149036,0.251728843232562,-0.159956831726339
"HATS-63 b",3.0566527,13.529,305.1168,634.1,1398,5627,0.93,0.67884601824171,53.1290777140953,16.3699071146084,0.0679728147326102,0.0216413558633505,0.269837726816975,-0.123429497080501
"HATS-64 b",4.908897,18.82,305.1168,1711,1793,6554,1.56,0.252179342499401,45.0459049135318,8.45937681328001,0.0497287154403234,-0.0508709240441787,0.243280727825082,-0.189837386712828
"HATS-65 b",3.105161,16.825,260.93843,1178,1634,6277,1.26,0.3018388035655,44.0578754531922,9.05189248681361,0.0553319298604342,-0.0285544258755002,0.251207170932057,-0.167242527465681
"HATS-66 b",3.1414391,15.816,1694.0339,2637,1998,6626,1.41,2.35903493500046,115.782996522978,66.5028522319394,0.0579912534175105,-0.0207716585200426,0.251399026299627,-0.239437780530352
"HATS-67 b",1.6091788,18.887,460.8535,3821,2193,6594,1.44,0.376856658986457,55.2626898296598,12.6866926085406,0.0492289325193116,-0.083644127492998,0.240994957847898,-0.216509935181094
"HATS-68 b",3.5862202,13.809,410.0007,1521,1741,6147,1.35,0.857827873589693,60.959760086153,21.1140539422515,0.0657872554117525,-0.018787418527237,0.262115786394904,-0.171608118424508
"HATS-69 b",2.2252577,10.593,183.38791,466.6,1296,5137,0.89,0.849994329809277,46.5487399352551,16.0488620588759,0.0845245491864014,0.0535880221846742,0.282198270055621,-0.0956717176501907
"HATS-70 b",1.8882378,15.513,4100.007,9110,2730,7930,1.78,6.05061423965866,181.876449560042,167.303297551839,0.0587250984425358,-0.0623249935305983,0.232511993087975,-0.316966379768565
"HATS-72 b",7.3279474,8.097,39.85588,49.58,739,4656.1,0.73,0.413639713998561,24.8208240806277,5.96974268200978,0.125039804785597,0.195281077239464,0.301840415860485,0.00927718520689802
"HATS-74 A b",1.73185606,11.568,464.02947,106.9,895,3776.9,0.6,1.65147866504775,70.8558490326237,34.0518326910909,0.0861271098219298,0.161398610039133,0.284462644868757,-0.0444925960104272
"HATS-75 b",2.7886556,9.909,156.05375,59.26,772,3790.4,0.6,0.883663605352352,44.3970644417674,15.6072375378483,0.105107696831164,0.189029706379663,0.297957944944181,0.0247732116596026
"HATS-76 b",1.9416423,12.094,835.57088,129.8,940,4016,0.66,2.60240957289144,92.9905316753373,56.0989658621707,0.0814415195966883,0.160842953729765,0.282037219645456,-0.0774347436347103
"HATS-77 b",3.0876262,13.058,436.69623,78.37,828,4071,0.66,1.08056698509291,64.6968973790566,25.1499775616128,0.0818652870742457,0.16244957687601,0.285581229870392,-0.0193515721706452
"HD 110113 b",2.541,2.05,4.55,735.49,1371,5732,1,2.90972575320097,16.667130375899,10.632004759072,0.253979646571967,0.155107426521441,0.42093088360364,-0.00486625135659691
"HD 136352 b",11.57779,1.482,4.62,114,911,5850,0.91,7.81987136408206,19.752812931772,20.6565151589656,0.291751173586249,0.281762520445998,0.449481491065524,0.0799608808284787
"HD 136352 c",27.5909,2.608,11.29,36,682,5850,0.91,3.50649662435582,23.2769054371311,16.3000995050623,0.260594470300622,0.356937117454468,0.441105841895055,0.181201078801549
"HD 136352 d",107.245,2.562,8.82,5.74,431,5664,0.87,2.88957155404678,20.7575835519846,13.1953775866703,0.413963248253137,0.554600911501209,0.554996230255888,0.43087612635573
"HD 1397 b",11.53533,11.5,131.89945,356,1228,5521,1.32,0.477806119804725,37.8882579052136,9.79397050283554,0.0795580128790453,0.0513898653894831,0.280736401884469,-0.0906912127329214
"HD 183579 b",17.471278,3.55,19.7,58.1,769,5788,1.03,2.42595874647354,26.3542706312985,15.3504463400119,0.21020388214949,0.286714193118102,0.394848014159303,0.118191553117154
"HD 189733 b",2.218577,12.543,370.58978,356,1209,5050,0.81,1.0346451252678,60.8104297854201,23.1314086739257,0.0739114264863067,0.0674891854140641,0.276937565046054,-0.0983212265405284
"HD 202772 A b",3.308958,17.318,323.23311,3440,2132,6272,1.72,0.342866361955538,48.3327067734866,10.5835619924389,0.0533231298203125,-0.0768143563470576,0.241518046176103,-0.211711953439438
"HD 207897 b",16.202159,2.501,14.4,26.5,632,5070,0.8,5.07135089707778,26.8445708187079,22.6071906303452,0.277626098031312,0.389219983086905,0.427323629011932,0.177799101423962
"HD 219134 b",3.092926,1.602,4.74,176.2,1015,4699,0.81,6.35174494797814,19.2437621208799,18.1369729785334,0.281988265075438,0.251722861083111,0.437391190590047,0.0595549483730771
"HD 219134 c",6.76458,1.511,4.36,62.1,782,4699,0.81,6.96298309297092,19.0039149141735,18.7529263670213,0.300347482460505,0.334859367250897,0.45771920298411,0.130126048345695
"HD 219134 d",46.859,1.61,16.17,4.72,410,4699,0.81,21.3468911810635,35.4547262728929,61.2589792060492,0.511339556316909,0.512939402257534,0.444374139679635,0.187354389748103
"HD 219134 f",22.717,1.31,7.3,12.38,523,4699,0.81,17.8900361260044,26.4093581967922,41.7726239729619,0.391149004899188,0.431414142412798,0.435695223606089,0.134915912881068
"HD 23472 b",17.667087,2,8.32,16,543,4684,0.67,5.72974881818182,22.8180606499384,20.4256,0.333045045031571,0.4615524861695,0.462737589630361,0.244778366691668
"HD 23472 c",29.79749,1.87,3.41,7.96,467,4684,0.67,2.87297471496144,15.1073555727117,9.57596728530985,0.410386816287107,0.532907921761942,0.538105068684268,0.360003137815655
"HD 23472 d",3.97664,0.75,0.55,117,909,4684,0.67,7.18259111111111,9.58038093602116,9.60177777777778,0.297576647614679,0.292519144290684,0.487374616184728,0.116502889091411
"HD 23472 e",7.90754,0.818,0.72,46.7,723,4684,0.67,7.24727648110005,10.4959477775192,10.5666513232226,0.318852956545387,0.371161537791348,0.513927320704234,0.188128043770838
"HD 23472 f",12.1621839,1.137,0.77,26.3,630,4684,0.67,2.88610133372037,9.20655591349182,5.84899545085007,0.343129845511311,0.408941607845176,0.516301012806665,0.202353919193152
"HD 260655 b",2.76953,1.24,2.14,42.2,709,3803,0.44,6.18373631517374,14.6969801944027,13.667273673257,0.321387317280727,0.379114838499312,0.480905440522637,0.17466812595002
"HD 260655 c",5.70588,1.533,3.09,16.1,557,3803,0.44,4.72535302095634,15.8832812853006,12.9117663203394,0.358112591416238,0.471254944253552,0.489663775522542,0.263466552868153
"HD 332231 b",18.71204,9.718,77.55052,98.09,876,6089,1.13,0.465539219845291,31.6035576622621,8.06384947895332,0.0995400119948702,0.141747721596332,0.303364015604503,-0.0110001216579518
"HD 5278 b",14.339156,2.45,7.8,132,943,6203,1.13,2.92212368223197,19.9616448257959,12.7606830487297,0.242770013952246,0.250735907126205,0.422874139836186,0.0856838192402503
"HD 63935 b",9.058811,2.99,10.8,115.6,911,5534,0.93,2.22593477784914,21.2622073165253,11.8629545530811,0.220661391343657,0.241762643798084,0.397153332874168,0.0761576473743281
"HD 63935 c",21.4023,2.9,11.1,36.7,684,5534,0.93,2.50744392498108,21.8874191711794,12.9609988109394,0.246986918544069,0.339465557190233,0.427622816513179,0.171634924570627
"HD 73583 b",6.398042,2.79,10.2,43.3,714,4511,0.73,2.5875562904923,21.390948841976,12.8677689135546,0.246737819132737,0.328352943118491,0.412122104706746,0.149231590494235
"HD 73583 c",18.87974,2.39,9.7,10.2,498,4511,0.73,3.91453585955738,22.5381871850307,16.6758285044029,0.350820099040371,0.494258027112732,0.470488750146974,0.301334329345074
"HD 93963 A b",1.0391353,1.35,7.8,2898,2042,5987,1.11,17.4660838841086,26.8913423651623,42.0279835390946,0.285576220784561,0.0426877065442115,0.347399369080919,-0.197504043215771
"HD 93963 A c",3.6451398,3.228,19.2,543.8,1344,5987,1.11,3.14487142874541,27.2844947600242,18.094461565392,0.203017740186371,0.140965604412293,0.365155686038586,-0.0283324943090937
"HD 95338 b",55.087,3.89,42.44,7.42,385,5212,0.83,3.9721790419982,36.9525958170066,27.5415044838456,0.317854711602331,0.525644774228434,0.455504411172201,0.320204437772396
"HIP 65 A b",0.9809734,22.754,1021.18779,661,1411,4590,0.78,0.477567315926891,74.9473004845525,19.3687500068084,0.0427479004554028,-0.00492008612294215,0.247464779014504,-0.15394329762635
"K2-100 b",1.6739035,3.88,21.8,1915,1841,5945,1.15,2.05619150813176,26.5182248578965,14.2201615474546,0.179571186381796,0.0508679180445064,0.338408581039234,-0.101381331941883
"K2-108 b",4.73401,5.28,59.4,762,1446,5474,1.12,2.22324293954851,37.5239307713674,20.9232954545455,0.145820357126341,0.0893905050301602,0.324676881651972,-0.0766318112218225
"K2-114 b",11.3909311,10.447,638.8351,40,701,4920,0.86,3.08685500351004,87.4844070111537,57.4800408712462,0.10952021372102,0.255732475207755,0.314457735967924,0.00967440226587479
"K2-140 b",6.569188,13.563,295.58042,204,962,5585,0.96,0.652695503867938,52.2266314012026,15.7788601209245,0.0713517817598133,0.107251291602151,0.284402487228792,-0.0415485730167879
"K2-180 b",8.8665,2.242,11.44182,67,729,5110,0.71,5.59358872086536,25.2732920715965,22.3529775807092,0.262163730263219,0.339774415842098,0.415677065647346,0.125082225396384
"K2-182 b",4.7369683,2.69,20,146.9,969,5170,0.86,5.66076857174174,30.5049925075755,27.1416923480881,0.230943241218288,0.240922670727751,0.378803559501175,0.0279152204379396
"K2-199 b",3.2253993,1.73,6.9,116.2,913,4491,0.71,7.34197710286038,22.3425921919143,22.6395803401383,0.279700102611379,0.276492367642875,0.417641084346949,0.062107511323035
"K2-199 c",7.3744897,2.85,12.4,38.6,694,4491,0.71,2.95113685329752,23.3356808968609,14.9914435210834,0.247524209600359,0.340980337221086,0.410379743377423,0.156788725667361
"K2-216 b",2.1748,1.75,8,248,1103,4503,0.7,8.22390500927644,23.9198269827315,25.6522448979592,0.272545388580975,0.215674119440295,0.397428209574842,-0.00126233435407697
"K2-237 b",2.18053539,16.197,433.20012,1860,1828,6360,1.26,0.56167755054108,57.8574192462844,16.2155204277011,0.0569256117100124,-0.0420289024339826,0.253472802824533,-0.182214937339848
"K2-24 b",20.8851,5.68,21,60,767,5743,1.12,0.631359227226071,21.5113439488442,6.39196092045229,0.155506100889436,0.211255929522831,0.338928762231207,0.0340559194664161
"K2-24 c",42.3633,7.82,27,24,606,5743,1.12,0.311061132895797,20.7878976733596,4.3357251718657,0.150204681865843,0.250352363838053,0.332388789581823,0.0491334968649629
"K2-25 b",3.48456408,3.44,24.5,9.91,494,3207,0.26,3.31583568455183,29.8562931108802,20.3310911303407,0.303948958871431,0.46384373101197,0.379934868309887,0.228986728487553
"K2-261 b",11.633478,9.528,59.75174,180,1046,5445,1.09,0.380581396738729,28.0160219453316,6.46336299622624,0.0960719359576403,0.0951245333379737,0.286944096474022,-0.0705482508370103
"K2-266 b",0.658524,3.3,11.26782,879.5,1515,4285,0.69,1.72742947402841,20.6725973241489,10.1606971900826,0.19951174868916,0.0947801543767932,0.353030882327058,-0.0647479879232509
"K2-266 c",7.814,0.705,0.29013,32.4,664,4285,0.69,4.56170851761404,7.17684927284899,5.73226014787989,0.324070540994158,0.397641970562492,0.481022841060644,0.191517231820208
"K2-266 d",14.697,2.93,8.9,13.95,538,4285,0.69,1.94934805907379,19.4981433043561,10.1804330859998,0.295900637375827,0.417911251086036,0.436785845827458,0.241240256260511
"K2-266 e",19.482,2.73,14.3,9.58,490,4285,0.69,3.87213366608971,25.6046450695513,18.8417931275074,0.339401918677376,0.490771448950024,0.453430614635566,0.292053231974083
"K2-27 b",6.771315,4.48,30.9,116,902,5248,0.87,1.89333159317554,29.3813872686029,15.1186822385204,0.172541383835625,0.215441411565873,0.355920539223676,0.0494449683975627
"K2-285 b",3.471745,2.59,9.68,234.31,1089,4975,0.83,3.06957542656176,21.6281743286423,14.1705699080216,0.232135726990519,0.207476253622571,0.397338243986995,0.0379778989136085
"K2-285 c",7.138048,3.53,15.68,50.35,741,4975,0.83,1.96392178034463,23.5785851457702,12.3568602588898,0.214016155478172,0.291103751663771,0.387077433975139,0.119963504440017
"K2-285 d",10.45582,2.48,6.5,24.61,620,4975,0.83,2.34779708227975,18.1118537527514,10.3781867845994,0.282093635347599,0.381710755265198,0.445135026590994,0.203631847064098
"K2-285 e",14.76289,1.95,10.7,10.5,501,4975,0.83,7.95027567435852,26.2063566997459,27.6328731097962,0.37305283659908,0.490820340589431,0.455311429860049,0.241153252084354
"K2-292 b",16.9841,2.63,24.5,67,795,5725,1,7.41995178608337,34.1457953244402,34.7829229857306,0.243800726146371,0.295330760253807,0.387423443458562,0.0573653509119202
"K2-32 b",8.99213,5.13,16.5,77.7,817,5275,0.86,0.673339501739693,20.0638999898786,6.15688017965642,0.162223261915098,0.200176980395927,0.333691199497315,0.0136156256000584
"K2-32 c",20.6602,3.01,12.1,25.6,619,5275,0.86,2.44448922864705,22.430631579587,13.1148662818291,0.256183581627325,0.370893690047629,0.429253816956818,0.200586165900397
"K2-32 d",31.7154,3.43,10.3,14.5,537,5275,0.86,1.40623242912225,19.3866878270772,8.59726814507561,0.27217001817592,0.389185027586362,0.43255861047465,0.224079689891235
"K2-329 b",12.4551225,8.676,82.6358,45.7,650,5282,0.9,0.69712691458422,34.5268065188569,10.7805430198482,0.12093496068744,0.234261487743142,0.322772950471639,0.0793904064209968
"K2-36 b",1.422614,1.43,3.9,529,1224,4916,0.79,7.34782389488221,18.4755063442115,18.7285441830896,0.284535099571786,0.198399039362442,0.434327640325477,0.00877239197991342
"K2-36 c",5.340888,3.2,7.8,90,788,4916,0.79,1.31143542896618,17.4664392225714,7.480078125,0.215492700248244,0.257463336886582,0.384959107556428,0.073099807535429
"K2-38 b",4.01593,1.55,12,465.9,1184,5757,1.07,17.7536803366484,31.1284028850533,49.0489073881374,0.279593249265962,0.158896196115696,0.349906109593271,-0.110820612147176
"K2-38 c",10.56103,2.42,9.9,128.3,858,5757,1.07,3.8484986722162,22.6277816414358,16.6003005259204,0.244454378348536,0.284196250732658,0.418336704727607,0.102864401002247
"K2-39 b",4.60497,5.71,39.8,1356,1670,4912,1.19,1.17781475804705,29.5362630195896,11.9873267472496,0.136932616581315,0.0357491361680848,0.309856661980314,-0.111045170401765
"K2-66 b",5.06963,2.49,21.3,840,1372,5887,1.11,7.60122882429572,32.7206703874955,33.7359074853631,0.232692324933039,0.142771378326878,0.358100720729582,-0.0759023221372417
"KELT-10 b",4.1662739,15.681,215.80657,600,1377,5948,1.11,0.308351199455769,41.5028115622464,8.61843956016436,0.0598040133339631,0.00915511559282589,0.259193391182018,-0.133280562794419
"KELT-11 b",4.736529,15.356,61.97685,1433,1712,5370,1.44,0.0942969038511336,22.4754172343735,2.58098083762968,0.0598919751195838,-0.0337328634370113,0.220405850042813,-0.264813096320944
"KELT-12 b",5.031623,19.952,301.9385,1749,1800,6279,1.59,0.209440868047751,43.5209225959409,7.44829910851802,0.0471319788719559,-0.053912654339056,0.239528764252569,-0.197162394290324
"KELT-18 b",2.8717518,17.598,375.0394,3152,2085,6670,1.52,0.379130915444555,51.6462574424289,11.8921877274253,0.0525773391793035,-0.0728542095224802,0.244062410359248,-0.20648127402124
"KELT-19 A b",4.6117093,21.409,1293.5681,2340,1935,7500,1.62,0.72627717399547,86.9618003578527,27.7145620748739,0.0440298422399129,-0.0564949210802266,0.238946441244984,-0.221337407258323
"KELT-20 b",3.4741085,19.515,1074.90106,4362.5,2262,8720,1.76,0.796828884742558,83.0294254334602,27.7167859385906,0.0477373099921888,-0.0781302064316398,0.234450671445853,-0.243824626712295
"KELT-21 b",3.6127647,17.777,1242.7153,2950,2051,7598,1.46,1.21870466191761,93.538123098647,38.6159024084069,0.0521172298323938,-0.0480364082782019,0.24452213850176,-0.233479057715942
"KELT-23 A b",2.255251,14.83,298.12454,991.18,1561,5899,0.94,0.503589327505118,50.1603262393594,13.3114974102994,0.0621167023571776,-0.00996306732649876,0.261198753239843,-0.147944710559974
"KELT-24 b",5.5514926,14.258,1646.3594,750.9,1459,6509,1.46,3.12932781897998,120.216777848774,79.5277901240906,0.0646628125924035,0.0518143917776488,0.265102027210488,-0.185549192812548
"KELT-4 A b",2.9895932,19.044,286.68266,1840,1823,6206,1.2,0.228680509649281,43.4063922972216,7.76240981706499,0.0491520555628431,-0.0545318981751595,0.24273417293305,-0.19536536536075
"KELT-9 b",1.4811235,21.196,915.3504,44900,4050,10170,2.52,0.529575503177196,73.5188655989821,20.007417822054,0.0440142741471108,-0.164049427816461,0.209894051240218,-0.313689216173395
"KOI-4777.01",0.412,0.51,99.2,320,1180,3515,0.41,4120.05855419656,156.02809743559,3745.26720492118,0.260784145419421,0.0307401066963527,0.208609458924812,-0.334750804412216
"KPS-1 b",1.706291,11.545,346.4347,729,1459,5165,0.89,1.24034305275957,61.2838144693842,25.5237803829743,0.0777493311761417,0.0338832641643402,0.27547806080532,-0.134428630055997
"Kepler-1514 b",217.83184,12.42,1678.1424,3.23,388,6145,1.2,4.82576608937072,130.042608435006,106.830953970143,0.292160464713609,0.487500582778517,0.443169172259634,0.246962426816893
"Kepler-1654 b",1047.8356,9.18,158.915,0.3,206,5597,1.01,1.13172026614173,46.547158070611,18.5178694329342,0.316036738053328,0.44514884395293,0.452182313450387,0.360512398881306
"Kepler-1661 b",175.06,3.87,17,0.88,243,5100,0.84,1.61591410085603,23.44774287344,11.1464989417036,0.580849005976241,0.639616003422669,0.580152013294281,0.600650766292273
"Kepler-1704 b",988.88113,11.938,1318.98789,0.34,254,5745,1.13,4.27118447156024,117.594411124783,90.8843586527825,0.308146606391475,0.516879895209784,0.438421725274681,0.272475119764087
"Kepler-538 b",81.73778,2.215,10.6,2.99,380,5547,0.89,5.37386705306286,24.4736154740833,21.2163119302519,0.557524602564423,0.673393472845995,0.573610914574689,0.498691299252946
"L 98-59 b",2.2531136,0.85,0.4,24.7,627,3415,0.27,3.58843809559055,7.67454430548568,5.43667820069204,0.345405381850413,0.418263640733171,0.454599577045858,0.176516947216643
"L 98-59 c",3.6906777,1.385,2.22,12.8,553,3415,0.27,4.60368816530013,14.1639265300134,11.3648815962674,0.384692298500472,0.486524515045434,0.486815441721573,0.266796285697505
"L 98-59 d",7.4507245,1.521,1.94,5.01,416,3415,0.27,3.03750031869813,12.6347985754406,8.23483287449302,0.506089948287832,0.613706552415191,0.524767484933569,0.384633086457769
"LHS 1140 c",3.777931,1.282,1.81,6.16,438,3216,0.18,4.73278464962371,13.2931326850718,10.8146884377715,0.482971570636128,0.605635041328936,0.506487580205297,0.35972336972462
"LP 890-9 b",2.7299025,1.32,13.2,4.09,396,2850,0.12,31.6194551402454,35.3779012069446,74.3939393939394,0.559794239530109,0.502697833478934,0.338677441372543,0.0882266542516571
"LP 890-9 c",8.457463,1.367,25.3,0.91,272,2850,0.12,54.5653847548355,48.1291363005319,132.952032146601,0.885412920685013,0.551565054997147,0.338745097652805,0.10283271337757
"LTT 1445 A b",5.3587657,1.305,2.87,5.4,424,3340,0.26,7.1146346985956,16.590816402652,16.5490230619046,0.504941868086103,0.617897033248172,0.505498002903419,0.361501285475854
"LTT 1445 A c",3.1239035,1.147,1.54,10.9,508,3340,0.26,5.62254204226931,12.9631550713583,11.4949046411206,0.409745836427913,0.525674435906187,0.504753394482312,0.297067942302788
"LTT 3780 b",0.768377,1.35,2.34,116,1000,3360,0.38,5.23982516523257,14.7289948149937,12.6083950617284,0.297046888466228,0.265471965949471,0.448799548638866,0.0745512416180033
"LTT 3780 c",12.252131,2.42,6.29,2.88,397,3360,0.38,2.44515723719595,18.0363936171562,10.5470596270747,0.548795977326421,0.633498852431603,0.499451352403069,0.443165575015042
"NGTS-1 b",2.647298,14.908,258.07796,65.3,790,3916,0.62,0.429136059773988,46.5476576349608,11.4031184809448,0.0767073613729776,0.147707404700687,0.276800319883933,-0.00419949803243913
"NGTS-12 b",7.532806,11.747,66.10864,416,1257,5690,1.02,0.224687835738465,26.5398028184986,4.70452491781607,0.0777069728512882,0.0392325070262948,0.25986013425964,-0.145669841419317
"NGTS-13 b",4.119027,12.801,1538.2972,1096,1605,5819,1.3,4.04027383691698,122.639463169665,92.1857815906097,0.0706120581761333,0.0382454537793914,0.265340570551121,-0.204702729214153
"NGTS-15 b",3.27623,12.33,238.68913,425,1146,5600,0.99,0.701529044265728,49.222860378257,15.4176426758333,0.0745086154949807,0.0706165321123139,0.279822335165973,-0.077171086589525
"NGTS-16 b",4.84532,14.572,211.99155,480,1177,5550,1,0.377453369771147,42.6708956501881,9.80373837193663,0.0642314147294247,0.0479620923312094,0.268976723984116,-0.0941929753205426
"NGTS-17 b",3.24253,13.899,242.8209,1160,1457,5650,1.02,0.49823891380356,46.7609493379173,12.3432760661009,0.0656277795760331,0.0063846017455762,0.265710758973743,-0.132167517831119
"NGTS-18 b",3.05125,13.563,129.99182,845,1381,5610,1,0.287045659024405,34.6347610801178,6.93930519702352,0.0674042953709948,0.0136471404898765,0.258630510306848,-0.141199880495463
"NGTS-8 b",2.4997,12.218,295.5819,503,1345,5241,0.89,0.89285249891736,55.0263774248921,19.4441553685554,0.0747011412794849,0.0404441609346207,0.275448618147715,-0.113734741509424
"NGTS-9 b",4.43527,11.994,921.707,729,1448,6330,1.34,2.94308629734332,98.0723282152893,62.918199275281,0.0752340374165759,0.0581552567800998,0.273257454526152,-0.168033893053439
"Qatar-3 b",2.5079204,12.285,1369.8473,1330,1681,6007,1.15,4.07051088106677,118.135537999436,89.131932807993,0.0730238518545852,0.0300475920307073,0.265205549330244,-0.210573026666663
"Qatar-4 b",1.8053564,12.722,1938.763,614,1385,5215,0.9,5.18753205800394,138.107330457883,117.631985693554,0.0717631579771706,0.0709686460312527,0.265652043131173,-0.189345477237654
"Qatar-5 b",2.8792319,12.408,1373.0256,669,1415,5747,1.13,3.9598207283295,117.684831479653,87.5762919536532,0.0731883937626093,0.0664981071583021,0.270477769451213,-0.178586520533181
"TOI-1062 b",4.11296,2.265,10.15,232,1077,5328,0.94,4.81242160218858,23.6826874129042,19.4285825670414,0.247332063606723,0.221848488310048,0.402638229266298,0.0348076340819814
"TOI-1064 b",6.443868,2.587,13.5,62.9,784,4734,0.75,4.29582644068212,25.5564622457956,19.8085369011511,0.246963811344476,0.311813933468685,0.405353789660278,0.113505647579718
"TOI-1064 c",12.226574,2.651,2.5,26.8,634,4734,0.75,0.739287000792911,10.864186324499,3.49326908943495,0.270006824425489,0.309001084347996,0.412753691847685,0.0566775624026308
"TOI-1107 b",4.0782387,14.572,1064.72516,532,1728,6311,1.35,1.89575527667081,95.6293583862109,49.2391649886911,0.0640155451774007,0.00352973828289183,0.260430256975619,-0.200445251499034
"TOI-1201 b",2.4919863,2.415,6.28,40.6,703,3476,0.51,2.45646444704788,18.0406972788497,10.5739404772621,0.265887545095675,0.339958348185842,0.416165939113344,0.149101098882061
"TOI-1231 b",24.245586,3.65,15.4,1.93,330,3553,0.48,1.74479485472357,22.9797866894307,11.3513229498968,0.538738636589931,0.630334176739566,0.481200900271398,0.47971243442316
"TOI-1235 b",3.444717,1.694,5.9,60.3,775,3997,0.63,6.68673385931489,20.8785996952455,20.1900171310926,0.292124910460231,0.333854945198452,0.433062866169519,0.118408214007499
"TOI-1246 b",4.30744,3.01,8.1,196,955,5151,0.87,1.63639361587116,18.352334928753,8.77937329610049,0.215446962322631,0.214466454322733,0.386568593037496,0.0427872676543792
"TOI-1246 c",5.904144,2.51,8.8,129,860,5151,0.87,3.06594071010446,20.9477093856705,13.7166076728941,0.240217463557757,0.277261036359973,0.414017571841905,0.101596875512611
"TOI-1246 d",18.6559,3.51,5.3,28,586,5151,0.87,0.675237828578711,13.7472693348458,4.22447869741317,0.23300485171714,0.313964030798463,0.389764848698478,0.0834010397919893
"TOI-1246 e",37.9216,3.78,14.8,11,462,5151,0.87,1.50969271817302,22.1369111831165,10.1716077377453,0.28142803983323,0.432432369938376,0.438106000166315,0.276204884513611
"TOI-125 b",4.65382,2.726,9.5,185,1037,5320,0.86,2.58373694463805,20.8848298660028,12.5540365890485,0.227603235030624,0.214141315066807,0.397103377189416,0.0477925215480165
"TOI-125 c",9.15059,2.759,6.63,77.59,828,5320,0.86,1.73924463096927,17.3425509388934,8.55306190252048,0.235564985863662,0.264728656118357,0.409842961140694,0.0906586266136937
"TOI-125 d",19.98,2.93,13.6,26.7,638,5320,0.86,2.97877905656219,24.1028117514828,15.5566168505166,0.257712224792673,0.370021269773595,0.428432957690882,0.193448306637632
"TOI-1260 b",3.12748,2.34,8.6,91,860,4227,0.66,3.69788263669756,21.447336302594,15.4233326028198,0.252352406874715,0.286600979291963,0.411853922012692,0.100564863875256
"TOI-1260 c",7.49325,2.82,11.8,28.4,643,4227,0.66,2.89892464734805,22.8848734045547,14.5711986318596,0.25987563420192,0.368339040087537,0.415536594904181,0.18167854163986
"TOI-1266 b",10.894843,2.37,13.5,4.9,413,3600,0.45,5.58715828122762,26.7008308839036,23.60198686108,0.451270295929211,0.593549889212058,0.45916736746742,0.344210132886704
"TOI-1266 c",18.80151,1.56,2.2,2.3,344,3600,0.45,3.19264867179993,13.2855979628085,8.87738330046022,0.681378117043621,0.752090419598493,0.600496620085443,0.545743435126279
"TOI-132 b",2.1097019,3.42,22.4,860,1395,5397,0.97,3.08511917160732,28.6314287815557,18.8064703669505,0.195286301832853,0.128231719977274,0.357019695248713,-0.0419066359335203
"TOI-1431 b",2.650237,16.701,991.62463,5300,2370,7690,1.9,1.17279504268172,86.2054016047465,34.9119286215788,0.0550037262476916,-0.0712028034232577,0.238475744075372,-0.251598153462168
"TOI-1452 b",11.06201,1.672,4.82,1.8,326,3185,0.25,5.68120503578513,18.9949190640175,16.9311313843548,0.730850044508489,0.807038697896944,0.530969065114737,0.518132985816571
"TOI-157 b",2.0845435,14.415,375.0394,1062,1588,5404,0.95,0.689819075075743,57.0641285116239,17.7238917769902,0.0636276021503324,-0.00702662170866986,0.262950903847145,-0.152815609088329
"TOI-1634 b",0.989343,1.79,4.91,121,924,3550,0.5,4.71655218121449,18.5287574143107,15.0482818888299,0.276239640335425,0.279041645977459,0.425705970174342,0.085503736418622
"TOI-1685 b",0.6691403,1.7,3.78,217,1069,3434,0.49,4.23884250041634,16.6822069329174,12.8441522491349,0.27579322439728,0.236614774549415,0.42963564748315,0.0537322716408664
"TOI-169 b",2.2554477,12.173,251.40353,1443,1715,5880,1.15,0.767857710710132,50.8415683974504,16.6604840499816,0.0735466899305877,-0.0135198495566105,0.267708516251665,-0.157735721921201
"TOI-1696 b",2.50031,3.24,56.6,13.5,533,3168,0.27,9.1681908446157,46.7592756987857,52.9465782655083,0.285064413776866,0.411876357775013,0.336191116149345,0.0889192145746701
"TOI-172 b",9.47725,10.817,1722.6386,299,1198,5645,1.13,7.49852648438865,141.18083208564,144.574601135146,0.0843416289261733,0.10476867427354,0.274291182532239,-0.169379839768224
"TOI-1728 b",3.49151,5.05,26.78,57.78,767,3980,0.65,1.14561497712363,25.7627169544478,10.3119145181845,0.168966762523424,0.237391415651912,0.339985466621157,0.0664976860265613
"TOI-1759 b",18.85019,3.14,10.8,6.39,443,4065,0.61,1.92192774216473,20.7481375521544,10.7566229867337,0.367874240121454,0.500536962122515,0.45520550035036,0.330596828836611
"TOI-1789 b",3.208664,16.141,222.47988,2300,1927,5991,1.51,0.291475243289818,41.5348089232275,8.38573925469029,0.0569947434713064,-0.0579201352824754,0.244970293918559,-0.198639410447727
"TOI-1899 b",29.02,12.89,209.7678,2.9,362,3841,0.63,0.539612890560193,45.131006367147,12.3977957305385,0.303544842246285,0.416230065157661,0.378904383709636,0.310094472061757
"TOI-2136 b",7.851928,2.19,6.37,4,395,3342,0.34,3.34125277314489,19.0800594510517,13.0425554096036,0.500420475342177,0.629020729860666,0.487274977995872,0.413947979903999
"TOI-216.01",34.556,11.29,200,10.1,497,5026,0.87,0.765685484969778,47.0868991765501,15.4082600512615,0.171411136660113,0.315247924584458,0.355499160657131,0.181922307289405
"TOI-216.02",17.089,7.69,30,25.9,628,5026,0.87,0.363449838084906,22.0968069921657,4.98172858879771,0.148677911288498,0.243667085805871,0.318839049895279,0.0449857133832019
"TOI-2180 b",260.79,11.321,875.61726,2.71,348,5695,1.11,3.32477443832161,98.3890634222643,67.089757285686,0.323928911940896,0.516083167525366,0.46618265203552,0.316168202962045
"TOI-2193 A b",2.1225735,19.84,298.7587,1600,1763,5966,1.08,0.210764664713249,43.4131712537107,7.45330190414445,0.0474311974959003,-0.0498845198493711,0.241767765855558,-0.192457023605232
"TOI-2196 b",1.1947268,3.51,26,2000,1860,5634,1.03,3.31248746095217,30.4484493773928,20.7238577608948,0.191377744124527,0.0641161718677805,0.343618757176458,-0.104267233962562
"TOI-2207 b",8.001968,11.153,203.41018,406,1259,6101,1.3,0.807792509859445,47.7774047984855,16.0583443852523,0.0812666154935882,0.0567436460927935,0.28442087738155,-0.0899335287248506
"TOI-2236 b",3.5315902,14.37,502.16888,1356,1688,6248,1.34,0.932355925889111,66.1345767523709,23.8807381689507,0.063586786071165,-0.0122392203161632,0.261275972066693,-0.171722996462178
"TOI-2285 b",27.26955,1.74,19.5,1.54,284,3491,0.45,20.393375265737,37.4519768590026,63.24811732065,0.756959353417469,0.640992320660667,0.447892870907087,0.272777838118987
"TOI-2421 b",4.3474032,10.368,105.83686,923.6,1534,5607,1.13,0.523183724703232,35.7439911462466,9.66848565758483,0.0849137133245778,0.00852915404221299,0.273819877050071,-0.134532451223173
"TOI-2567 b",5.983944,10.929,63.88351,558,1352,5611,1.13,0.269618529925815,27.0480672028427,5.25217763167969,0.0819451831076922,0.0266969865664152,0.26211411266774,-0.149483836984138
"TOI-257 b",18.38818,7.163,43.86032,186,1027,6095,1.41,0.657490052943237,27.6834675221305,8.3944719331385,0.120017901035881,0.122006089367814,0.312852428626517,-0.0322655733533554
"TOI-2570 b",2.9887615,13.641,260.61929,699,1431,5771,1.06,0.565679154273649,48.9003805659474,13.7538925526165,0.0673294283045643,0.0130223635150315,0.267776353577225,-0.127260473818692
"TOI-269 b",3.6977104,2.77,8.8,19,531,3514,0.39,2.28110674857214,19.9403839509773,11.2624952755803,0.282216427486126,0.422762384977386,0.409273368182489,0.218895483270639
"TOI-3331 A b",2.0180231,12.98,721.47048,818.5,1488,5609,1.02,1.81759338319835,83.4072882546255,42.0514203052699,0.0700891183367449,0.0365769866571557,0.269783527070153,-0.162155336081236
"TOI-3540 A b",3.119999,23.539,375.03752,841.3,1498,5810,1.08,0.158421067667308,44.655547608118,6.6467629157971,0.0411221053521276,-0.0239643358328061,0.241081207084365,-0.171880477673757
"TOI-3629 b",3.936551,8.295,82.63539,39,690,3870,0.63,0.79766246161058,35.3107474084976,11.7935563963127,0.128662235815466,0.22772868262894,0.312408389412682,0.0650024084568112
"TOI-3693 b",9.088516,12.599,324.18498,68.6,801,5321,0.87,0.893072889693797,56.7492951237469,20.0554414252234,0.0859855921515662,0.16723748663312,0.298454856068876,0.0053603071741789
"TOI-3714 b",2.154849,11.321,222.47988,54,750,3660,0.53,0.844770257343783,49.5946740652277,17.0463989599161,0.0971447217326322,0.188806282651613,0.289502387283844,0.0203218943527165
"TOI-3757 b",3.438753,12,85.3,55.4,759,3913,0.64,0.271961568615846,29.8274383945737,5.81698611111111,0.092720597730955,0.164483536284741,0.27448519928848,-0.0205990039264616
"TOI-3884 b",4.5445697,6,16.5,7.42,463,3269,0.28,0.420854947916667,18.5523279077665,4.50083333333333,0.261229043134195,0.366602711554467,0.321001896482269,0.121602610839126
"TOI-4137 b",3.8016122,13.574,457.67291,1013,1570,6202,1.31,1.00817034070498,64.9614553385785,24.3922018393835,0.0671468474576051,0.00637935628655806,0.26631078325802,-0.155794718875288
"TOI-421 b",5.19672,2.68,7.17,154.57,981,5325,0.85,2.05218740556688,18.2988688976409,9.80304633548674,0.230953357869365,0.222595221956525,0.402470400472971,0.0545651291056872
"TOI-421 c",16.06819,5.09,16.42,34.32,674,5325,0.85,0.685996737348765,20.0936924176984,6.22370609963679,0.181161499739221,0.258273407178689,0.351184628949974,0.072179314177196
"TOI-500 b",0.548177,1.166,1.42,1138,1617,4440,0.74,4.93508841273286,12.3460195917767,10.2565837670534,0.292057642932999,0.137380805136378,0.467065588928424,-0.0215254511228666
"TOI-532 b",2.3266508,5.82,61.5,94.1,867,3927,0.64,1.71873296296436,36.3670547514135,17.8295603500195,0.146223213671206,0.208045790805809,0.327974323693335,0.0324214940598939
"TOI-5542 b",75.12375,11.31,419.5335,9.6,441,5700,0.89,1.59764790720177,68.1371689487627,32.207196513965,0.175470242031411,0.369303975397095,0.383719383819147,0.196968309218105
"TOI-564 b",1.651144,11.433,464.98529,1423,1714,5640,1,1.71419746274644,71.3463188029247,34.9325504409113,0.0776808591560828,0.0103604244682037,0.271736945012953,-0.174231817120497
"TOI-674 b",1.977143,5.25,23.6,38.4,635,3514,0.42,0.898537769532055,23.7196575474664,8.4082358276644,0.174332427894006,0.279225766007133,0.326917763662588,0.0874837571032282
"TOI-776 b",8.24661,1.85,4,11.5,514,3709,0.54,3.48054337623366,16.4503899160777,11.4769905040175,0.369702274202434,0.494169161458194,0.489953370417636,0.297421061685307
"TOI-776 c",15.6653,2.02,5.3,4.9,415,3709,0.54,3.54261539555828,18.1215071570435,12.7551220468582,0.475110796837946,0.606601247834105,0.517806123743292,0.413750775417648
"TOI-824 b",1.392978,2.926,18.467,412,1253,4600,0.71,4.06139872575034,28.1056140728402,21.1816210195532,0.21546106253608,0.166932158439342,0.366496347961756,-0.0189758571196434
"TOI-905 b",3.739494,13.126,211.99261,337,1192,5570,0.97,0.516447008881511,44.9599920509109,12.0827950715448,0.071269518013101,0.0536377304781744,0.274499825066601,-0.0882899792678153
"TOI-954 b",3.6849729,9.55,55.30242,1393,1526,5710,1.2,0.349813258418637,26.921697936554,5.95454910117595,0.0906255460042039,0.00807487609340574,0.265596363351065,-0.159706759325863
"TOI-969 b",1.8237305,2.765,9.1,188,941,4435,0.73,2.37169167856193,20.2957541357034,11.6886030169158,0.225818681160947,0.237406164880805,0.393356445670776,0.0645863917058024
"TRAPPIST-1 b",1.51087081,1.086,0.85,4.25,400,2559,0.08,3.65621473312718,9.89752517449902,7.07735145786487,0.561297572908674,0.659869962840415,0.489711118786427,0.366934999680941
"TRAPPIST-1 c",2.4218233,1.056,1.38,2.27,342,2559,0.08,6.45638732444642,12.7890901565268,12.152419077135,0.724699908962168,0.798962970642429,0.522683006485591,0.47448296792278
"TRAPPIST-1 d",4.04961,0.772,0.41,1.14,288,2559,0.08,4.90946536018847,8.15296058993373,6.75555048457677,0.897932992253851,0.916946870208106,0.521025317936354,0.521445743412437
"TRAPPIST-1 e",6.099615,0.918,0.62,0.66,251,2559,0.08,4.41535767553643,9.19404381269508,7.22466667615969,0.852049427238837,0.866591607578397,0.534653252766759,0.511192148338197
"TRAPPIST-1 f",9.20669,1.045,0.68,0.38,219,2559,0.08,3.28293501287793,9.02460860946529,6.11487832238273,0.681933523953277,0.723550249689219,0.510772649338838,0.416469336407589
"TRAPPIST-1 g",12.35294,1.127,1.34,0.26,199,2559,0.08,5.15745318646544,12.1989515372102,10.3602075064816,0.582574401497612,0.672647315061977,0.510909793575708,0.402049909653622
"WASP-151 b",4.533471,12.666,98.5273,460,1290,5871,1.08,0.267140894020766,31.2025877955899,6.03099685692401,0.0726212368304574,0.0310928292836297,0.260835419480723,-0.13412263709644
"WASP-153 b",3.332609,17.374,123.9537,1400,1700,5914,1.34,0.13021538154133,29.8821542830731,4.03247188734534,0.0536131295240203,-0.0376229547852853,0.230170703373661,-0.226395203902136
"WASP-156 b",3.836169,5.717,40.68224,150,970,4910,0.84,1.19950627793415,29.8435441381548,12.2230604867096,0.143601244555259,0.165595977584556,0.327964207737875,0.00709310290664977
"WASP-161 b",5.4060425,12.812,791.3967,990,1557,6400,1.39,2.07322143054477,87.9266885583065,47.3447538328735,0.0706636744013035,0.0312857933422449,0.269446555453885,-0.173868950441449
"WASP-163 b",1.6096884,13.473,594.3421,1200,1638,5500,0.97,1.33889281040565,74.3050202983989,32.1528417239789,0.067425194926248,0.00602126419437543,0.265050362450258,-0.172654061267397
"WASP-166 b",5.44354,7.062,32.10083,440,1270,6050,1.19,0.502152196141659,23.8520844900508,6.32080399112573,0.11786115918632,0.0657779528245293,0.290746067595933,-0.10499235680711
"WASP-170 b",2.34478022,12.285,508.528,680,1422,5600,0.93,1.51109452661411,71.9783554432323,33.0884205319696,0.0737960619344054,0.0428647805651148,0.274105579496532,-0.141399552922321
"WASP-173 A b",1.3866529,14.404,1102.8701,1920,1842,5767,1.09,2.03318674153128,97.8932370950771,52.1998944779988,0.0632226744815336,-0.00690437409599265,0.258385779106125,-0.213596356135761
"WASP-174 b",4.2337005,16.107,104.88337,901.9,1528,6399,1.24,0.138281760985819,28.5481553959613,3.96998443107904,0.0578162187390616,-0.014214324558635,0.235698049730399,-0.207007159061738
"WASP-178 b",3.3448412,21.745,448.1403,5550,2402,8640,1.93,0.240125348930492,50.787795137038,9.30693464735089,0.0431435203195309,-0.104916422166036,0.22650350053128,-0.241131035029924
"WASP-18 b",0.94145223,13.899,3241.84975,5805,2429,6432,1.29,6.65188086426804,170.858554860662,164.79243108427,0.0648913413337781,-0.0430135716631272,0.241806047454121,-0.298258756758339
"WASP-19 b",0.78883852,15.861,366.77398,3320,2113,5616,0.96,0.506417922196638,53.7979889346704,14.3168961759357,0.0577601079864474,-0.0683165388102238,0.250117894999252,-0.203831616938821
"WASP-2 b",2.152175,12.117,295.89973,492,1311,5180,0.9,0.916350222443531,55.2849339825218,19.7909135114227,0.0752829145057486,0.047096966221287,0.276361481538306,-0.108706617954693
"WASP-44 b",2.423804,12.33,276.5121,533,1337,5420,0.94,0.812694190308999,52.9794684671505,17.8607410959364,0.0739979411008562,0.0390466630852589,0.275093519362413,-0.111350178696348
"WASP-45 b",3.126089,10.604,306.38812,294,1153,5150,0.85,1.41567971445861,60.1358101549471,26.7574037241521,0.0858107563953613,0.0954249968091974,0.288276065417896,-0.0816764998228023
"WASP-77 A b",1.36002854,13.787,529.81995,1440,1715,5617,0.9,1.11383593449684,69.3523737932834,27.3716037314525,0.0659197502949194,-0.00916568005171658,0.262404863459823,-0.17687129634557
"WD 1856+534 b",1.4079405,10.4,4386.054,0.18,163,4710,0.52,21.4820736303213,229.748340088203,398.21607137574,0.237501239762309,0.329210219292202,0.285880905200472,-0.017859406356074
"XO-7 b",2.8641424,15.39,225.34147,1540,1743,6250,1.41,0.340586561461482,42.8088258676702,9.34276384038816,0.0597221235568239,-0.0369202925910062,0.251314164814278,-0.175960277194367
"pi Men c",6.2679,2.042,4.82,309,1170,6037,1.09,3.11876081790676,17.1880937997772,11.3513378694813,0.256874659050039,0.198811268799578,0.430477708310095,0.0362418726186599
